,roc_auc,average_precision,ks,precision,recall,f1,accuracy
C | random_forest,0.7848,0.0968,0.4718,0.1328,0.3149,0.1827,0.9584
C' | random_forest,0.7836,0.0992,0.4815,0.1218,0.3708,0.1807,0.9519
C | xgboost,0.7723,0.1026,0.4234,0.1157,0.2333,0.1514,0.9622
B | random_forest,0.7639,0.0876,0.373,0.0936,0.41,0.1518,0.9343
B | xgboost,0.7599,0.0881,0.3735,0.118,0.3081,0.1622,0.9535
C | logistic_regression,0.7378,0.1189,0.3764,0.0332,0.5223,0.0624,0.7744
B | logistic_regression,0.7363,0.0866,0.3357,0.1051,0.3507,0.1608,0.9475
A | random_forest,0.5828,0.0487,0.1847,0.0746,0.0564,0.064,0.972
A | xgboost,0.5719,0.0421,0.1656,0.1633,0.0381,0.0606,0.9803
A | logistic_regression,0.5407,0.0544,0.1197,0.0194,0.4283,0.0371,0.6251
