feature,importancia_media,importancia_std,grupo
cad_anos_emprego,0.05470461756706184,0.022173234382546553,Cadastral
obs_frac_pago,0.02721140251250052,0.006145090193955815,Comportamental
obs_qtd_pago,0.02282533500596183,0.00499236791175302,Comportamental
AMT_INCOME_TOTAL,0.014823505890753996,0.005282697084240901,Cadastral
log_renda,0.011886371011121302,0.006220401036275537,Cadastral
obs_status_ultimo_mes,0.005721594032976851,0.002672874785114585,Comportamental
cad_idade,0.0029015916844737917,0.013310795160249585,Cadastral
obs_frac_sem_credito,0.0028278852297592702,0.010841141036054115,Comportamental
obs_frac_atraso_2a_metade,0.0019019712155441894,0.001468329343341478,Comportamental
obs_status_medio,0.0016068099958872705,0.0019671076394930107,Comportamental
obs_frac_atraso,0.0013535813067387316,0.001508297790419388,Comportamental
obs_qtd_sem_credito,0.0012576678110938295,0.011890892689558579,Comportamental
obs_qtd_atraso,0.0011811495082735578,0.0013460735868514445,Comportamental
obs_tendencia,0.0011290270579083252,0.0007111902305582808,Comportamental
obs_status_desvio,0.0009916088932081912,0.001155999455796825,Comportamental
obs_status_max,0.0008224715037424568,0.0010261077076876952,Comportamental
obs_qtd_atraso_30,0.0,0.0,Comportamental
obs_frac_atraso_30,0.0,0.0,Comportamental
cad_renda_per_capita,-8.024920844965436e-05,0.0046829415989693415,Cadastral
obs_frac_atraso_1a_metade,-0.00012902924825991313,0.00028418414208298897,Comportamental
